app_name,publisher,reviwe_rate,review_total,updated_on,downloads,require_android,current_version,size
Photo Video Maker Slideshow with Music Editor,AppDreams Media,4.5,35,"March 29, 2019","10,000+",4.0.3 and up,1.0.3,17M
Mehndi Designs,App Basket,4.3,"1,350","January 14, 2019","500,000+",4.0.3 and up,1.2.1,9.5M
X Launcher New: With OS12 Style Theme & No Ads,Launcher Developer,4.7,"19,574","April 8, 2019","100,000+",5.0 and up,1.5.1,3.5M
X Launcher Lite: With OS11 Style Theme & Wallpaper,Launcher Developer,4.7,"29,300","April 7, 2019","1,000,000+",4.1 and up,1.10.1,4.0M
X Launcher: With OS11 Style Theme & Control Center,Launcher Developer,4.7,"16,183","April 7, 2019","500,000+",4.1 and up,2.6.1,3.8M
U Launcher 3D‚ÄìNew 2019 Theme,Moboapps Dev Team,4.6,"111,974","March 25, 2019","5,000,000+",4.0.3 and up,2.5.2,8.7M
Name Art Photo Editor - Focus n Filters,AppTrends,4.3,"12,537","April 2, 2019","5,000,000+",4.0 and up,1.0.21,13M
Galaxy New Keyboard Theme,Apple Theme,4.1,380,"March 31, 2019","100,000+",4.0.3 and up,6.3.31.2019,14M
Fruit Coloring Book & Learn to Draw Glow,Bkbros Studio,5.0,69,"March 3, 2019","10,000+",4.1 and up,1.0,37M
iLauncher for OS 11 - Stylish Theme and Wallpaper,Launcher Developer,4.7,"28,625","April 7, 2019","1,000,000+",4.1 and up,2.8.1,3.9M
PIP Camera - Photo Editor Effects,Visu Entertainment,4.3,200,"November 14, 2018","100,000+",4.0.3 and up,1.1,9.8M
"U Launcher Lite-New 3D Launcher 2019,Hide apps",Moboapps Dev Team,4.7,"158,626","April 9, 2019","5,000,000+",4.0.3 and up,1.4.2,9.5M
How To Draw Flowers,Creative APPS,4.4,"15,595","December 27, 2018","5,000,000+",4.0.3 and up,1.0.13,9.5M
Hoarding Photo Frames: ‡§π‡•ã‡§∞‡•ç‡§°‡§ø‡§Ç‡§ó ‡§´‡•ã‡§ü‡•ã ‡§´‡•ç‡§∞‡•á‡§Æ & Hoard,I H Apps Ltd.,4.1,"1,435","February 18, 2019","1,000,000+",4.1 and up,1.0.12,9.1M
Mehndi Designs Latest 2019,livql.co,4.3,296,"March 7, 2019","100,000+",4.0.3 and up,1.1.5,9.2M
Learn How to Draw Cute Dolls,southdeveloppement,4.1,52,"January 14, 2019","10,000+",4.0 and up,1.2.3,8.2M
"Name Art Photo Editor - Focus,Filters",Tri Core,4.4,"6,178","November 28, 2018","1,000,000+",4.0.3 and up,2.5,13M
Photo Video Maker with Music - Video Editor,AppTrends,4.3,"2,026","March 28, 2019","1,000,000+",4.0 and up,1.0.11,19M
Stylish Name Maker,Universal Apps Center,4.4,"4,498","April 6, 2019","1,000,000+",4.0.3 and up,1.0,13M
xxxTENTACION Wallpaper HD,dorapikapp,4.6,459,"January 8, 2019","10,000+",4.0.3 and up,1.2.2,8.3M
PaperColor : Paint Draw Sketchbook & PaperDraw,Colorfit,4.4,"85,298","December 7, 2018","10,000,000+",4.0.3 and up,2.3.6,16M
Galaxy Wallpapers Ultra HD,Goforoid Studio,5.0,23,"September 9, 2018","1,000+",4.4 and up,1.0.1,11M
Men Hair Style - Photo Editor,Droidy Apps,3.7,"1,372","February 20, 2019","100,000+",4.0.3 and up,V2.2.3,22M
Easy Paper Craft Project Ideas,Esmut,4.1,334,"August 25, 2018","100,000+",4.4 and up,1.0,6.6M
Girls Frock Designs,icyarena,4.1,744,"March 2, 2019","100,000+",4.0 and up,1.0.1,10M
How to draw weapons,Udenity,4.5,"8,373","March 14, 2019","1,000,000+",4.0 and up,1.0.7,11M
Easy Steps To Draw Scenery,tikanuraini,3.9,164,"November 29, 2018","50,000+",4.1 and up,1.0,4.9M
Infinite Painter,Infinite Studio Mobile,4.1,"42,525","February 16, 2019","1,000,000+",4.2 and up,6.3.11,43M
Urdu On Picture - Write Urdu Text on Photo,fida.pk,4.2,"4,263","January 1, 2019","1,000,000+",Varies with device,Varies with device,Varies with device
Flower Craft Tutorial,Esmut,4.3,99,"August 19, 2018","50,000+",4.4 and up,2.0,5.7M
Tattoo Maker - Love Tattoo,Droidy Apps,4.0,"2,439","February 15, 2019","1,000,000+",4.0.3 and up,V2.2.4,20M
Beautiful Colorful Flower Themeüå∑,Cool Super Theme,4.7,114,"March 1, 2019","5,000+",4.0.3 and up,1.1.1,4.1M
Golden Rose Keyboard Theme,Cool 3D Emoji Keyboard,4.1,"2,811","March 31, 2019","500,000+",4.0.3 and up,6.3.31.2019,14M
Paint Free - Drawing Fun,Beste Apps,4.3,241,"September 5, 2018","100,000+",4.1 and up,2.9,2.3M
Easy Origami Ideas,Sanketika,4.2,"2,833","September 19, 2018","500,000+",4.1 and up,1.2.0,11M
How To Draw Cartoon and Comics Characters,RNdev,4.5,240,"January 1, 2019","10,000+",4.3 and up,1.0,11M
Diy Home Decorating Ideas 2019,MrDevv,4.0,429,"September 21, 2018","100,000+",4.1 and up,3.7,4.1M
Over: Edit & Add Text to Photos,Over,4.0,680,"April 3, 2019","100,000+",6.0 and up,3.9.4,17M
pharaoh & cleopatra,Gems Candy Candy,4.7,206,"January 25, 2019","10,000+",4.0.3 and up,1.0,24M
Art Drawing Ideas,AKU SANTRI,4.0,441,"June 14, 2018","100,000+",2.3 and up,1.0,7.8M
Stylish Name Maker,Skysol apps,4.4,"9,983","August 18, 2018","500,000+",4.0 and up,1.1,10M
Urdu Sticker For Whatsapp RAHI HIJAZI,Arshad zya,4.7,"1,132","February 2, 2019","100,000+",4.0.3 and up,1.3,39M
How To Draw Flowers,Infokombinat,4.5,"1,222","May 24, 2018","100,000+",4.0 and up,1.4,15M
Simple Tribal Tattoo Ideas,daeng,4.3,26,"November 27, 2018","5,000+",2.3 and up,1.0,2.3M
–î–∏–∑–∞–π–Ω –∏–Ω—Ç–µ—Ä—å–µ—Ä–∞,Zaec Mobile,3.9,205,"March 7, 2019","100,000+",4.1 and up,1.39,4.6M
Beauty Coloring Book - Drawing  Book For Kids,SQPlayer,3.8,22,"January 22, 2019","100,000+",4.4 and up,1.0,23M
Tai Kwun,The Jockey Club CPS Limited,3.6,40,"March 29, 2019","10,000+",4.1 and up,1.1.1,7.7M
stylish name maker 3d,Micro Bots,4.5,356,"April 4, 2019","100,000+",4.1 and up,1.2.3,17M
Paint,ng-labs,4.4,"1,103","June 2, 2018","100,000+",4.0.3 and up,2,"1,016k"
Faster Car Keyboard Theme,2018 Tech Cool Theme for Android,4.5,"2,028","February 21, 2019","100,000+",4.1 and up,1.0,3.8M
Jungle Maya Quest,Wonder Mobi Game,4.7,410,"November 22, 2018","50,000+",4.0.3 and up,1.0,22M
3D My Name Live Wallpaper,My Name Cube Apps,4.4,"23,518","February 6, 2019","1,000,000+",4.0.3 and up,2.30,4.0M
Figma Mirror,Figma Inc.,3.3,208,"August 15, 2018","10,000+",7.0 and up,2.0.1,1.9M
Tattoo for boys Images,The Blue Lion Developer,4.2,"7,844","March 27, 2019","1,000,000+",4.1 and up,1.20.3,9.5M
Origami Diagram,Origami Diagram,4.4,148,"April 7, 2019","50,000+",2.3 and up,2.07,17M
Love Poem Collection,hannapp,4.1,23,"September 27, 2018","10,000+",2.3 and up,1.0,8.8M
Rope Hero Keyboard Theme,Love Free Themes,4.1,451,"March 31, 2019","50,000+",4.0.3 and up,6.3.31.2019,14M
Crazzy Craft,Crazzy Craft,4.5,746,"April 8, 2019","100,000+",4.1 and up,2.2,4.5M
ŸÉÿ™ÿßÿ®ÿ© ÿ•ÿ≥ŸÖŸÉ ŸÅŸä ÿµŸàÿ±  ÿ¨ŸÖŸäŸÑÿ© Ÿàÿ±ÿßÿ¶ÿπÿ©‚Äé,ÿ™ÿ∑ÿ®ŸäŸÇÿßÿ™ ÿπÿ±ÿ®Ÿäÿ© ÿ™ÿπŸÑŸäŸÖŸäÿ© 2018‚Äé,4.6,"5,950","September 13, 2018","1,000,000+",3.0 and up,1.5,15M
Mysterious Mayan Treasure,Wonder Mobi Game,4.6,576,"November 1, 2018","50,000+",4.0.3 and up,1.0,19M
"Sun Galaxy Theme \ Samsung, Huawei, LG, Moto, HTC",Stylish Themes and Keyboards 2019,4.5,228,"September 16, 2018","10,000+",4.0.3 and up,1.1.2,3.4M
vehicles coloring book & drawing book - kids Game,Bitty Apps,4.1,902,"April 9, 2019","1,000,000+",4.1 and up,1.0.11,5.1M
Cool Art Drawing Ideas,Peli Ngacengan,4.1,"1,246","November 12, 2018","100,000+",2.3 and up,1.0,8.1M
Matnnegar (Write On Photo),Mahmoud Afarideh,4.6,"9,738","March 27, 2019","500,000+",4.0.3 and up,5.1.2,25M
How to draw cute animals step by step,True Fun Apps,4.3,92,"April 5, 2019","10,000+",4.1 and up,1.4,15M
Name On Necklace - Name Art,Droidy Apps,4.5,"6,999","February 19, 2019","1,000,000+",4.0.3 and up,V2.2.4,27M
Magical Spell Crush,Wonder Mobi Game,4.7,405,"November 28, 2018","10,000+",4.0.3 and up,1.0,21M
gowithYamo: The Art Guide,Grandapps,3.3,24,"April 1, 2019","10,000+",5.0 and up,1.8,7.1M
2019 DIY Ideas,NewLooks,3.7,199,"September 16, 2018","10,000+",4.1 and up,3.6,3.9M
XS Launcher for Phone XS Max - Stylish OS 12 Theme,Pop Locker Team - Hide Secret App,4.6,"3,118","March 25, 2019","100,000+",4.1 and up,1.1.2,9.9M
300 Art Drawing Ideas,Home Design Solutions,4.3,490,"November 7, 2017","100,000+",2.3 and up,1.0,18M
Sad Drawing Ideas,inojon,3.6,98,"January 11, 2019","10,000+",4.0.3 and up,1.1,4.2M
ŸÖŸÑŸÉ ÿßŸÑÿ≠ÿßŸÑÿßÿ™‚Äé,AppsTeam,4.7,"6,195","September 24, 2018","100,000+",4.0.3 and up,1.0.0.7,8.4M
Love Photo frames Collage,Tri Core,4.3,"3,427","July 9, 2018","1,000,000+",4.0 and up,1.04,14M
Design Logo Ideas,inojon,4.1,"2,785","January 11, 2019","100,000+",4.0.3 and up,1.1,20M
Material Color Palette - Extract Real/Live colors,Ravrani Software Developers,4.1,151,"May 21, 2018","50,000+",4.1 and up,1.2.3,3.0M
Nails Art: Girls Fashion Coloring Book,TIC TIC GAMES,4.5,69,"March 19, 2019","50,000+",4.1 and up,10.0,38M
Neon Butterfly Lotus Glitter Theme,Glossy Themes Launcher,4.7,188,"February 7, 2019","10,000+",4.0.3 and up,1.1.2,3.8M
Fruits Coloring Game & Drawing Book - Kids Game,TIC TIC GAMES,4.8,199,"March 16, 2019","100,000+",4.1 and up,2.0,40M
Idea origami ideas,Putri Mustika,4.3,"1,492","March 14, 2019","500,000+",2.3 and up,5.0,7.1M
Fruit Decorate Tutorial,akhtarfabian,3.9,42,"March 22, 2019","50,000+",4.0 and up,3.0,6.7M
Arabic Post Maker 2019,godwit studios,4.5,"2,066","September 24, 2018","100,000+",4.2 and up,1.0.2,15M
How To Draw Animals,Infokombinat,4.4,"1,129","September 18, 2018","100,000+",4.0 and up,1.3,7.9M
Origami Instructions Step-by-step,Infokombinat,4.2,"1,105","September 20, 2018","100,000+",4.0 and up,1.4,7.3M
How to draw animals,Udenity,4.5,325,"January 26, 2019","50,000+",4.0 and up,0.5.1,4.0M
Egyptian Puzzle,Game Guide Stuido,4.5,473,"April 3, 2019","50,000+",4.0.3 and up,1.3,18M
Embroidery Viewer,Embroidermodder Team,4.0,391,"August 22, 2016","50,000+",4.0.3 and up,1.0,1.5M
How to draw pony,Udenity,4.3,271,"March 16, 2019","50,000+",4.0 and up,1.0.7,11M
Let's Draw,Levitman,4.0,"1,100","October 24, 2018","500,000+",4.0.3 and up,1.38,4.8M
Pixel Draw - Number Art Coloring Book,KidsAppBox,4.4,"2,884","March 12, 2019","500,000+",4.4 and up,1.4,3.3M
"Concepts - Sketch, Design, Illustrate","TopHatch, Inc.",3.9,207,"April 6, 2019","10,000+",7.0 and up,1.3.2,60M
How to draw cute food,Udenity,4.4,185,"March 17, 2019","10,000+",4.0 and up,1.0.7,12M
Drawing Tutorials Animals,akhtarfabian,4.5,16,"March 14, 2019","10,000+",4.0 and up,2.1,4.1M
How to draw 3d drawings step by step,Vercong,4.2,269,"December 10, 2018","50,000+",4.0.3 and up,1.2,7.5M
How to Draw Kawaii Drawings,Sweefit Studios,4.7,"12,380","September 20, 2017","1,000,000+",4.0 and up,1.1,12M
Easy Drawing Ideas,Sketch Art,4.2,956,"October 26, 2018","100,000+",4.0 and up,1.3,5.7M
"Paint Splash - Splatter Paint, Draw, Make Art",WoodenCloset,3.8,"2,480","March 8, 2019","500,000+",4.4 and up,2.21,2.8M
–ö–∞–∫ —Å–¥–µ–ª–∞—Ç—å –º–∏–Ω–∏ –∫–∞–Ω—Ü–µ–ª—è—Ä–∏—é,True Fun Apps,4.3,291,"April 3, 2019","100,000+",4.1 and up,1.6,6.8M
Drawing Cute Chibi Girls,Dabdaa Games,4.3,"1,853","March 22, 2019","100,000+",4.0 and up,1.10,31M
Adobe Photoshop Sketch,Adobe,4.2,"20,226","April 3, 2019","1,000,000+",5.0 and up,2.2.297,Varies with device
Sad Poetry Photo Frames 2018,Simple Developerz free Photo Frames and Dp,4.5,245,"October 2, 2018","100,000+",4.0.3 and up,1.0,10M
Cartoon Sketch,Sitd212,3.9,115,"June 25, 2018","50,000+",2.3 and up,1.0,4.7M
Cute Bear Wallpapers,Realis Wallpaper HD,4.4,599,"March 27, 2019","50,000+",4.1 and up,1.0.3,3.7M
–ö–∞–∫ —Å–¥–µ–ª–∞—Ç—å –∫–∞–Ω—Ü–µ–ª—è—Ä–∏—é —Å–≤–æ–∏–º–∏ —Ä—É–∫–∞–º–∏,Smart Room Apps,4.3,757,"March 21, 2019","50,000+",4.1 and up,2.0,18M
Anime Wallpaper Sekai,OVA Studio,4.6,"1,423","February 19, 2019","50,000+",4.0.3 and up,3.2,6.6M
How To Draw MANGA,kuromame,4.5,"2,135","September 26, 2018","100,000+",2.3 and up,1.2,24M
DIY Paper Craft Ideas,Esmut,4.1,505,"July 27, 2017","100,000+",2.3 and up,1.0,5.3M
üî• Girly Wallpapers , Anime wallpaper HD,SandStorm Studios,4.7,"2,554","March 27, 2019","100,000+",4.0.3 and up,1.0.5,5.0M
Cat Mannequin,3D Mannequins,4.4,"1,618","January 20, 2018","500,000+",4.1 and up,1.5,58M
Simple Paper Airplane Tutorial,saptawanapps,4.0,54,"February 19, 2019","10,000+",2.3 and up,3.0,2.5M
Draw Art Kawaii - How to Draw Step by Step,Artico Apps,4.4,961,"October 25, 2018","100,000+",4.1 and up,1.3.2,10M
Teen Outfit Ideas,fashion design,4.0,246,"July 29, 2018","50,000+",4.0 and up,1.0,3.4M
3D My Name Funny Wallpaper,My Name Cube Apps,4.5,"1,112","February 7, 2019","100,000+",4.0.3 and up,2.0,3.7M
How to Draw Graffiti - Easy Drawing Step by Step,Lessons step by step drawing tutorials,4.2,178,"February 8, 2019","10,000+",4.4 and up,5.0,10M
"Canva: Graphic Design & Logo, Flyer, Poster maker",Canva,4.8,"1,013,601","April 9, 2019","10,000,000+",4.1 and up,2.9.0,20M
Halloween Coloring Book,Sunny Kid Games,4.3,161,"October 29, 2018","100,000+",4.0.3 and up,1.10,19M
8bit Painter - Pixel Painter,OsmanDroid,4.3,"1,081","April 7, 2019","100,000+",4.1 and up,1.27,3.3M
Drawing Animals - Lets Draw Animals,Dabdaa Games,4.5,315,"January 18, 2019","100,000+",4.0 and up,1.31,24M
How to draw a beautiful pony,Draw Apps Studio,4.3,122,"February 20, 2019","50,000+",4.1 and up,1.01,13M
ibis Paint X,ibis mobile inc.,4.6,"355,341","February 4, 2019","10,000,000+",4.1 and up,5.5.11,30M
How To Draw Cute Things,RNDapps,4.4,752,"September 27, 2018","100,000+",2.3 and up,1.0,5.6M
Live Message,Ctech Inc,3.9,505,"February 13, 2019","50,000+",5.0 and up,0.11.0,6.4M
How To Draw Food,RNDapps,4.2,"4,890","January 29, 2019","1,000,000+",2.3 and up,1.4,9.6M
Adobe Spark Post: Graphic design made easy,Adobe,4.3,"10,899","April 2, 2019","1,000,000+",5.0 and up,3.1.0,31M
Fraksl,workSPACE,4.5,"3,960","October 1, 2018","500,000+",4.3 and up,2.3.1,23M
Battle Royale Wallpapers Art,Beldev,4.1,306,"December 3, 2018","100,000+",4.0.3 and up,1.1,12M
Jojo Siwa Wallpaper 2019,4kwallpaper studio,4.4,205,"January 3, 2019","100,000+",4.1 and up,1.0,28M
How To Draw Kawaii,Infokombinat,4.5,"7,639","September 25, 2018","500,000+",4.0 and up,1.12,13M
ÿ™ÿπŸÑŸäŸÖ ÿßŸÑÿÆŸäÿßÿ∑ÿ© ŸàÿßŸÑÿ™ŸÅÿµŸäŸÑ ÿ®ÿØŸàŸÜ ŸÜÿ™‚Äé,GinoDev,4.6,"1,747","May 2, 2017","100,000+",2.3.3 and up,1.0,24M
Drawing Cute Famous Stars,Dabdaa Games,4.3,405,"February 1, 2019","50,000+",4.0 and up,1.6,20M
‚ô• Sisters PJ Party - Amazing Sleepover ‚ô•,Sevelina,4.2,"13,842","October 1, 2018","1,000,000+",4.2 and up,1.2,34M
Photo Designer - Write your name with shapes,Alhusseini Apps,4.6,"29,690","November 26, 2018","1,000,000+",4.1 and up,5,7.2M
How To Draw Cute Girls,MaterialView Inc.,4.2,844,"April 1, 2019","100,000+",4.1 and up,6.1,27M
My Name in 3D Live Wallpaper,My Name Cube Apps,4.5,"20,773","February 5, 2019","500,000+",4.0.3 and up,2.2,2.6M
Drawing Cute Chibi Princess,Dabdaa Games,4.5,"1,188","March 22, 2019","100,000+",4.0 and up,1.20,34M
Draw Cute Famous,MaterialView Inc.,4.2,706,"April 1, 2019","100,000+",4.1 and up,6.1,25M
How To Draw Drink,RNDapps,4.4,"1,051","September 21, 2018","100,000+",2.3 and up,1.2,5.6M
Condor Theme Park,Condor Multimedia,3.8,"4,200","February 18, 2019","1,000,000+",4.2 and up,4.0,13M
MediBang Paint - Make Art !,MediBang Inc.,4.4,"167,498","April 9, 2019","10,000,000+",4.1 and up,17.0,20M
Emoji Letter Maker üòç,Elad Finish,4.4,"8,505","January 26, 2018","1,000,000+",4.2 and up,3.0,4.5M
Kitchen Cooking Coloring Pages -Kids Coloring Book,M . S Game,3.9,70,"January 13, 2019","100,000+",4.1 and up,12.0,38M
Sketch - Draw & Paint,Sony Mobile Communications,4.5,"261,744","March 9, 2019","100,000,000+",4.2 and up,Varies with device,34M
FlipaClip: Cartoon animation,Visual Blasters LLC,4.4,"261,638","April 4, 2019","10,000,000+",4.1 and up,2.3.5,28M
Drawing Cute Chibi Super Heroes,Dabdaa Games,4.5,402,"April 3, 2019","50,000+",4.0 and up,1.9,28M
Onetap Glitch - Photo Editor,magic seal,4.1,"16,418","October 20, 2018","5,000,000+",4.1 and up,2.0.7,8.1M
Kappboom - Cool Wallpapers & Background Wallpapers,Kappboom Inc.,4.8,"400,083","January 2, 2018","10,000,000+",4.1 and up,1.8.3,8.1M
PENUP - Share your drawings,"Samsung Electronics Co.,  Ltd.",4.0,"16,921","March 27, 2019","50,000,000+",5.0 and up,3.1.03.1,26M
... Joins the Battle! - Meme Generator,Mr. Unp3rf3ct,3.8,"1,454","April 7, 2019","100,000+",4.0 and up,2.2.2,5.6M
